date,year,month,day,quarter,day_of_week,is_weekend,time_id
2020-01-02 07:59:29.070,2020,1,2,1,3,False,1
2020-01-03 07:59:29.070,2020,1,3,1,4,False,2
2020-01-04 07:59:29.070,2020,1,4,1,5,True,3
2020-01-05 07:59:29.070,2020,1,5,1,6,True,4
2020-01-06 07:59:29.070,2020,1,6,1,0,False,5
2020-01-07 07:59:29.070,2020,1,7,1,1,False,6
2020-01-08 07:59:29.070,2020,1,8,1,2,False,7
2020-01-09 07:59:29.070,2020,1,9,1,3,False,8
2020-01-10 07:59:29.070,2020,1,10,1,4,False,9
2020-01-11 07:59:29.070,2020,1,11,1,5,True,10
2020-01-12 07:59:29.070,2020,1,12,1,6,True,11
2020-01-13 07:59:29.070,2020,1,13,1,0,False,12
2020-01-14 07:59:29.070,2020,1,14,1,1,False,13
2020-01-15 07:59:29.070,2020,1,15,1,2,False,14
2020-01-16 07:59:29.070,2020,1,16,1,3,False,15
2020-01-17 07:59:29.070,2020,1,17,1,4,False,16
2020-01-18 07:59:29.070,2020,1,18,1,5,True,17
2020-01-19 07:59:29.070,2020,1,19,1,6,True,18
2020-01-20 07:59:29.070,2020,1,20,1,0,False,19
2020-01-21 07:59:29.070,2020,1,21,1,1,False,20
2020-01-22 07:59:29.070,2020,1,22,1,2,False,21
2020-01-23 07:59:29.070,2020,1,23,1,3,False,22
2020-01-24 07:59:29.070,2020,1,24,1,4,False,23
2020-01-25 07:59:29.070,2020,1,25,1,5,True,24
2020-01-26 07:59:29.070,2020,1,26,1,6,True,25
2020-01-27 07:59:29.070,2020,1,27,1,0,False,26
2020-01-28 07:59:29.070,2020,1,28,1,1,False,27
2020-01-29 07:59:29.070,2020,1,29,1,2,False,28
2020-01-30 07:59:29.070,2020,1,30,1,3,False,29
2020-01-31 07:59:29.070,2020,1,31,1,4,False,30
2020-02-01 07:59:29.070,2020,2,1,1,5,True,31
2020-02-02 07:59:29.070,2020,2,2,1,6,True,32
2020-02-03 07:59:29.070,2020,2,3,1,0,False,33
2020-02-04 07:59:29.070,2020,2,4,1,1,False,34
2020-02-05 07:59:29.070,2020,2,5,1,2,False,35
2020-02-06 07:59:29.070,2020,2,6,1,3,False,36
2020-02-07 07:59:29.070,2020,2,7,1,4,False,37
2020-02-08 07:59:29.070,2020,2,8,1,5,True,38
2020-02-09 07:59:29.070,2020,2,9,1,6,True,39
2020-02-10 07:59:29.070,2020,2,10,1,0,False,40
2020-02-11 07:59:29.070,2020,2,11,1,1,False,41
2020-02-12 07:59:29.070,2020,2,12,1,2,False,42
2020-02-13 07:59:29.070,2020,2,13,1,3,False,43
2020-02-14 07:59:29.070,2020,2,14,1,4,False,44
2020-02-15 07:59:29.070,2020,2,15,1,5,True,45
2020-02-16 07:59:29.070,2020,2,16,1,6,True,46
2020-02-17 07:59:29.070,2020,2,17,1,0,False,47
2020-02-18 07:59:29.070,2020,2,18,1,1,False,48
2020-02-19 07:59:29.070,2020,2,19,1,2,False,49
2020-02-20 07:59:29.070,2020,2,20,1,3,False,50
2020-02-21 07:59:29.070,2020,2,21,1,4,False,51
2020-02-22 07:59:29.070,2020,2,22,1,5,True,52
2020-02-23 07:59:29.070,2020,2,23,1,6,True,53
2020-02-24 07:59:29.070,2020,2,24,1,0,False,54
2020-02-25 07:59:29.070,2020,2,25,1,1,False,55
2020-02-26 07:59:29.070,2020,2,26,1,2,False,56
2020-02-27 07:59:29.070,2020,2,27,1,3,False,57
2020-02-28 07:59:29.070,2020,2,28,1,4,False,58
2020-02-29 07:59:29.070,2020,2,29,1,5,True,59
2020-03-01 07:59:29.070,2020,3,1,1,6,True,60
2020-03-02 07:59:29.070,2020,3,2,1,0,False,61
2020-03-03 07:59:29.070,2020,3,3,1,1,False,62
2020-03-04 07:59:29.070,2020,3,4,1,2,False,63
2020-03-05 07:59:29.070,2020,3,5,1,3,False,64
2020-03-06 07:59:29.070,2020,3,6,1,4,False,65
2020-03-07 07:59:29.070,2020,3,7,1,5,True,66
2020-03-08 07:59:29.070,2020,3,8,1,6,True,67
2020-03-09 07:59:29.070,2020,3,9,1,0,False,68
2020-03-10 07:59:29.070,2020,3,10,1,1,False,69
2020-03-11 07:59:29.070,2020,3,11,1,2,False,70
2020-03-12 07:59:29.070,2020,3,12,1,3,False,71
2020-03-13 07:59:29.070,2020,3,13,1,4,False,72
2020-03-14 07:59:29.070,2020,3,14,1,5,True,73
2020-03-15 07:59:29.070,2020,3,15,1,6,True,74
2020-03-16 07:59:29.070,2020,3,16,1,0,False,75
2020-03-17 07:59:29.070,2020,3,17,1,1,False,76
2020-03-18 07:59:29.070,2020,3,18,1,2,False,77
2020-03-19 07:59:29.070,2020,3,19,1,3,False,78
2020-03-20 07:59:29.070,2020,3,20,1,4,False,79
2020-03-21 07:59:29.070,2020,3,21,1,5,True,80
2020-03-22 07:59:29.070,2020,3,22,1,6,True,81
2020-03-23 07:59:29.070,2020,3,23,1,0,False,82
2020-03-24 07:59:29.070,2020,3,24,1,1,False,83
2020-03-25 07:59:29.070,2020,3,25,1,2,False,84
2020-03-26 07:59:29.070,2020,3,26,1,3,False,85
2020-03-27 07:59:29.070,2020,3,27,1,4,False,86
2020-03-28 07:59:29.070,2020,3,28,1,5,True,87
2020-03-29 07:59:29.070,2020,3,29,1,6,True,88
2020-03-30 07:59:29.070,2020,3,30,1,0,False,89
2020-03-31 07:59:29.070,2020,3,31,1,1,False,90
2020-04-01 07:59:29.070,2020,4,1,2,2,False,91
2020-04-02 07:59:29.070,2020,4,2,2,3,False,92
2020-04-03 07:59:29.070,2020,4,3,2,4,False,93
2020-04-04 07:59:29.070,2020,4,4,2,5,True,94
2020-04-05 07:59:29.070,2020,4,5,2,6,True,95
2020-04-06 07:59:29.070,2020,4,6,2,0,False,96
2020-04-07 07:59:29.070,2020,4,7,2,1,False,97
2020-04-08 07:59:29.070,2020,4,8,2,2,False,98
2020-04-09 07:59:29.070,2020,4,9,2,3,False,99
2020-04-10 07:59:29.070,2020,4,10,2,4,False,100
2020-04-11 07:59:29.070,2020,4,11,2,5,True,101
2020-04-12 07:59:29.070,2020,4,12,2,6,True,102
2020-04-13 07:59:29.070,2020,4,13,2,0,False,103
2020-04-14 07:59:29.070,2020,4,14,2,1,False,104
2020-04-15 07:59:29.070,2020,4,15,2,2,False,105
2020-04-16 07:59:29.070,2020,4,16,2,3,False,106
2020-04-17 07:59:29.070,2020,4,17,2,4,False,107
2020-04-18 07:59:29.070,2020,4,18,2,5,True,108
2020-04-19 07:59:29.070,2020,4,19,2,6,True,109
2020-04-20 07:59:29.070,2020,4,20,2,0,False,110
2020-04-21 07:59:29.070,2020,4,21,2,1,False,111
2020-04-22 07:59:29.070,2020,4,22,2,2,False,112
2020-04-23 07:59:29.070,2020,4,23,2,3,False,113
2020-04-24 07:59:29.070,2020,4,24,2,4,False,114
2020-04-25 07:59:29.070,2020,4,25,2,5,True,115
2020-04-26 07:59:29.070,2020,4,26,2,6,True,116
2020-04-27 07:59:29.070,2020,4,27,2,0,False,117
2020-04-28 07:59:29.070,2020,4,28,2,1,False,118
2020-04-29 07:59:29.070,2020,4,29,2,2,False,119
2020-04-30 07:59:29.070,2020,4,30,2,3,False,120
2020-05-01 07:59:29.070,2020,5,1,2,4,False,121
2020-05-02 07:59:29.070,2020,5,2,2,5,True,122
2020-05-03 07:59:29.070,2020,5,3,2,6,True,123
2020-05-04 07:59:29.070,2020,5,4,2,0,False,124
2020-05-05 07:59:29.070,2020,5,5,2,1,False,125
2020-05-06 07:59:29.070,2020,5,6,2,2,False,126
2020-05-07 07:59:29.070,2020,5,7,2,3,False,127
2020-05-08 07:59:29.070,2020,5,8,2,4,False,128
2020-05-09 07:59:29.070,2020,5,9,2,5,True,129
2020-05-10 07:59:29.070,2020,5,10,2,6,True,130
2020-05-11 07:59:29.070,2020,5,11,2,0,False,131
2020-05-12 07:59:29.070,2020,5,12,2,1,False,132
2020-05-13 07:59:29.070,2020,5,13,2,2,False,133
2020-05-14 07:59:29.070,2020,5,14,2,3,False,134
2020-05-15 07:59:29.070,2020,5,15,2,4,False,135
2020-05-16 07:59:29.070,2020,5,16,2,5,True,136
2020-05-17 07:59:29.070,2020,5,17,2,6,True,137
2020-05-18 07:59:29.070,2020,5,18,2,0,False,138
2020-05-19 07:59:29.070,2020,5,19,2,1,False,139
2020-05-20 07:59:29.070,2020,5,20,2,2,False,140
2020-05-21 07:59:29.070,2020,5,21,2,3,False,141
2020-05-22 07:59:29.070,2020,5,22,2,4,False,142
2020-05-23 07:59:29.070,2020,5,23,2,5,True,143
2020-05-24 07:59:29.070,2020,5,24,2,6,True,144
2020-05-25 07:59:29.070,2020,5,25,2,0,False,145
2020-05-26 07:59:29.070,2020,5,26,2,1,False,146
2020-05-27 07:59:29.070,2020,5,27,2,2,False,147
2020-05-28 07:59:29.070,2020,5,28,2,3,False,148
2020-05-29 07:59:29.070,2020,5,29,2,4,False,149
2020-05-30 07:59:29.070,2020,5,30,2,5,True,150
2020-05-31 07:59:29.070,2020,5,31,2,6,True,151
2020-06-01 07:59:29.070,2020,6,1,2,0,False,152
2020-06-02 07:59:29.070,2020,6,2,2,1,False,153
2020-06-03 07:59:29.070,2020,6,3,2,2,False,154
2020-06-04 07:59:29.070,2020,6,4,2,3,False,155
2020-06-05 07:59:29.070,2020,6,5,2,4,False,156
2020-06-06 07:59:29.070,2020,6,6,2,5,True,157
2020-06-07 07:59:29.070,2020,6,7,2,6,True,158
2020-06-08 07:59:29.070,2020,6,8,2,0,False,159
2020-06-09 07:59:29.070,2020,6,9,2,1,False,160
2020-06-10 07:59:29.070,2020,6,10,2,2,False,161
2020-06-11 07:59:29.070,2020,6,11,2,3,False,162
2020-06-12 07:59:29.070,2020,6,12,2,4,False,163
2020-06-13 07:59:29.070,2020,6,13,2,5,True,164
2020-06-14 07:59:29.070,2020,6,14,2,6,True,165
2020-06-15 07:59:29.070,2020,6,15,2,0,False,166
2020-06-16 07:59:29.070,2020,6,16,2,1,False,167
2020-06-17 07:59:29.070,2020,6,17,2,2,False,168
2020-06-18 07:59:29.070,2020,6,18,2,3,False,169
2020-06-19 07:59:29.070,2020,6,19,2,4,False,170
2020-06-20 07:59:29.070,2020,6,20,2,5,True,171
2020-06-21 07:59:29.070,2020,6,21,2,6,True,172
2020-06-22 07:59:29.070,2020,6,22,2,0,False,173
2020-06-23 07:59:29.070,2020,6,23,2,1,False,174
2020-06-24 07:59:29.070,2020,6,24,2,2,False,175
2020-06-25 07:59:29.070,2020,6,25,2,3,False,176
2020-06-26 07:59:29.070,2020,6,26,2,4,False,177
2020-06-27 07:59:29.070,2020,6,27,2,5,True,178
2020-06-28 07:59:29.070,2020,6,28,2,6,True,179
2020-06-29 07:59:29.070,2020,6,29,2,0,False,180
2020-06-30 07:59:29.070,2020,6,30,2,1,False,181
2020-07-01 07:59:29.070,2020,7,1,3,2,False,182
2020-07-02 07:59:29.070,2020,7,2,3,3,False,183
2020-07-03 07:59:29.070,2020,7,3,3,4,False,184
2020-07-04 07:59:29.070,2020,7,4,3,5,True,185
2020-07-05 07:59:29.070,2020,7,5,3,6,True,186
2020-07-06 07:59:29.070,2020,7,6,3,0,False,187
2020-07-07 07:59:29.070,2020,7,7,3,1,False,188
2020-07-08 07:59:29.070,2020,7,8,3,2,False,189
2020-07-09 07:59:29.070,2020,7,9,3,3,False,190
2020-07-10 07:59:29.070,2020,7,10,3,4,False,191
2020-07-11 07:59:29.070,2020,7,11,3,5,True,192
2020-07-12 07:59:29.070,2020,7,12,3,6,True,193
2020-07-13 07:59:29.070,2020,7,13,3,0,False,194
2020-07-14 07:59:29.070,2020,7,14,3,1,False,195
2020-07-15 07:59:29.070,2020,7,15,3,2,False,196
2020-07-16 07:59:29.070,2020,7,16,3,3,False,197
2020-07-17 07:59:29.070,2020,7,17,3,4,False,198
2020-07-18 07:59:29.070,2020,7,18,3,5,True,199
2020-07-19 07:59:29.070,2020,7,19,3,6,True,200
2020-07-20 07:59:29.070,2020,7,20,3,0,False,201
2020-07-21 07:59:29.070,2020,7,21,3,1,False,202
2020-07-22 07:59:29.070,2020,7,22,3,2,False,203
2020-07-23 07:59:29.070,2020,7,23,3,3,False,204
2020-07-24 07:59:29.070,2020,7,24,3,4,False,205
2020-07-25 07:59:29.070,2020,7,25,3,5,True,206
2020-07-26 07:59:29.070,2020,7,26,3,6,True,207
2020-07-27 07:59:29.070,2020,7,27,3,0,False,208
2020-07-28 07:59:29.070,2020,7,28,3,1,False,209
2020-07-29 07:59:29.070,2020,7,29,3,2,False,210
2020-07-30 07:59:29.070,2020,7,30,3,3,False,211
2020-07-31 07:59:29.070,2020,7,31,3,4,False,212
2020-08-01 07:59:29.070,2020,8,1,3,5,True,213
2020-08-02 07:59:29.070,2020,8,2,3,6,True,214
2020-08-03 07:59:29.070,2020,8,3,3,0,False,215
2020-08-04 07:59:29.070,2020,8,4,3,1,False,216
2020-08-05 07:59:29.070,2020,8,5,3,2,False,217
2020-08-06 07:59:29.070,2020,8,6,3,3,False,218
2020-08-07 07:59:29.070,2020,8,7,3,4,False,219
2020-08-08 07:59:29.070,2020,8,8,3,5,True,220
2020-08-09 07:59:29.070,2020,8,9,3,6,True,221
2020-08-10 07:59:29.070,2020,8,10,3,0,False,222
2020-08-11 07:59:29.070,2020,8,11,3,1,False,223
2020-08-12 07:59:29.070,2020,8,12,3,2,False,224
2020-08-13 07:59:29.070,2020,8,13,3,3,False,225
2020-08-14 07:59:29.070,2020,8,14,3,4,False,226
2020-08-15 07:59:29.070,2020,8,15,3,5,True,227
2020-08-16 07:59:29.070,2020,8,16,3,6,True,228
2020-08-17 07:59:29.070,2020,8,17,3,0,False,229
2020-08-18 07:59:29.070,2020,8,18,3,1,False,230
2020-08-19 07:59:29.070,2020,8,19,3,2,False,231
2020-08-20 07:59:29.070,2020,8,20,3,3,False,232
2020-08-21 07:59:29.070,2020,8,21,3,4,False,233
2020-08-22 07:59:29.070,2020,8,22,3,5,True,234
2020-08-23 07:59:29.070,2020,8,23,3,6,True,235
2020-08-24 07:59:29.070,2020,8,24,3,0,False,236
2020-08-25 07:59:29.070,2020,8,25,3,1,False,237
2020-08-26 07:59:29.070,2020,8,26,3,2,False,238
2020-08-27 07:59:29.070,2020,8,27,3,3,False,239
2020-08-28 07:59:29.070,2020,8,28,3,4,False,240
2020-08-29 07:59:29.070,2020,8,29,3,5,True,241
2020-08-30 07:59:29.070,2020,8,30,3,6,True,242
2020-08-31 07:59:29.070,2020,8,31,3,0,False,243
2020-09-01 07:59:29.070,2020,9,1,3,1,False,244
2020-09-02 07:59:29.070,2020,9,2,3,2,False,245
2020-09-03 07:59:29.070,2020,9,3,3,3,False,246
2020-09-04 07:59:29.070,2020,9,4,3,4,False,247
2020-09-05 07:59:29.070,2020,9,5,3,5,True,248
2020-09-06 07:59:29.070,2020,9,6,3,6,True,249
2020-09-07 07:59:29.070,2020,9,7,3,0,False,250
2020-09-08 07:59:29.070,2020,9,8,3,1,False,251
2020-09-09 07:59:29.070,2020,9,9,3,2,False,252
2020-09-10 07:59:29.070,2020,9,10,3,3,False,253
2020-09-11 07:59:29.070,2020,9,11,3,4,False,254
2020-09-12 07:59:29.070,2020,9,12,3,5,True,255
2020-09-13 07:59:29.070,2020,9,13,3,6,True,256
2020-09-14 07:59:29.070,2020,9,14,3,0,False,257
2020-09-15 07:59:29.070,2020,9,15,3,1,False,258
2020-09-16 07:59:29.070,2020,9,16,3,2,False,259
2020-09-17 07:59:29.070,2020,9,17,3,3,False,260
2020-09-18 07:59:29.070,2020,9,18,3,4,False,261
2020-09-19 07:59:29.070,2020,9,19,3,5,True,262
2020-09-20 07:59:29.070,2020,9,20,3,6,True,263
2020-09-21 07:59:29.070,2020,9,21,3,0,False,264
2020-09-22 07:59:29.070,2020,9,22,3,1,False,265
2020-09-23 07:59:29.070,2020,9,23,3,2,False,266
2020-09-24 07:59:29.070,2020,9,24,3,3,False,267
2020-09-25 07:59:29.070,2020,9,25,3,4,False,268
2020-09-26 07:59:29.070,2020,9,26,3,5,True,269
2020-09-27 07:59:29.070,2020,9,27,3,6,True,270
2020-09-28 07:59:29.070,2020,9,28,3,0,False,271
2020-09-29 07:59:29.070,2020,9,29,3,1,False,272
2020-09-30 07:59:29.070,2020,9,30,3,2,False,273
2020-10-01 07:59:29.070,2020,10,1,4,3,False,274
2020-10-02 07:59:29.070,2020,10,2,4,4,False,275
2020-10-03 07:59:29.070,2020,10,3,4,5,True,276
2020-10-04 07:59:29.070,2020,10,4,4,6,True,277
2020-10-05 07:59:29.070,2020,10,5,4,0,False,278
2020-10-06 07:59:29.070,2020,10,6,4,1,False,279
2020-10-07 07:59:29.070,2020,10,7,4,2,False,280
2020-10-08 07:59:29.070,2020,10,8,4,3,False,281
2020-10-09 07:59:29.070,2020,10,9,4,4,False,282
2020-10-10 07:59:29.070,2020,10,10,4,5,True,283
2020-10-11 07:59:29.070,2020,10,11,4,6,True,284
2020-10-12 07:59:29.070,2020,10,12,4,0,False,285
2020-10-13 07:59:29.070,2020,10,13,4,1,False,286
2020-10-14 07:59:29.070,2020,10,14,4,2,False,287
2020-10-15 07:59:29.070,2020,10,15,4,3,False,288
2020-10-16 07:59:29.070,2020,10,16,4,4,False,289
2020-10-17 07:59:29.070,2020,10,17,4,5,True,290
2020-10-18 07:59:29.070,2020,10,18,4,6,True,291
2020-10-19 07:59:29.070,2020,10,19,4,0,False,292
2020-10-20 07:59:29.070,2020,10,20,4,1,False,293
2020-10-21 07:59:29.070,2020,10,21,4,2,False,294
2020-10-22 07:59:29.070,2020,10,22,4,3,False,295
2020-10-23 07:59:29.070,2020,10,23,4,4,False,296
2020-10-24 07:59:29.070,2020,10,24,4,5,True,297
2020-10-25 07:59:29.070,2020,10,25,4,6,True,298
2020-10-26 07:59:29.070,2020,10,26,4,0,False,299
2020-10-27 07:59:29.070,2020,10,27,4,1,False,300
2020-10-28 07:59:29.070,2020,10,28,4,2,False,301
2020-10-29 07:59:29.070,2020,10,29,4,3,False,302
2020-10-30 07:59:29.070,2020,10,30,4,4,False,303
2020-10-31 07:59:29.070,2020,10,31,4,5,True,304
2020-11-01 07:59:29.070,2020,11,1,4,6,True,305
2020-11-02 07:59:29.070,2020,11,2,4,0,False,306
2020-11-03 07:59:29.070,2020,11,3,4,1,False,307
2020-11-04 07:59:29.070,2020,11,4,4,2,False,308
2020-11-05 07:59:29.070,2020,11,5,4,3,False,309
2020-11-06 07:59:29.070,2020,11,6,4,4,False,310
2020-11-07 07:59:29.070,2020,11,7,4,5,True,311
2020-11-08 07:59:29.070,2020,11,8,4,6,True,312
2020-11-09 07:59:29.070,2020,11,9,4,0,False,313
2020-11-10 07:59:29.070,2020,11,10,4,1,False,314
2020-11-11 07:59:29.070,2020,11,11,4,2,False,315
2020-11-12 07:59:29.070,2020,11,12,4,3,False,316
2020-11-13 07:59:29.070,2020,11,13,4,4,False,317
2020-11-14 07:59:29.070,2020,11,14,4,5,True,318
2020-11-15 07:59:29.070,2020,11,15,4,6,True,319
2020-11-16 07:59:29.070,2020,11,16,4,0,False,320
2020-11-17 07:59:29.070,2020,11,17,4,1,False,321
2020-11-18 07:59:29.070,2020,11,18,4,2,False,322
2020-11-19 07:59:29.070,2020,11,19,4,3,False,323
2020-11-20 07:59:29.070,2020,11,20,4,4,False,324
2020-11-21 07:59:29.070,2020,11,21,4,5,True,325
2020-11-22 07:59:29.070,2020,11,22,4,6,True,326
2020-11-23 07:59:29.070,2020,11,23,4,0,False,327
2020-11-24 07:59:29.070,2020,11,24,4,1,False,328
2020-11-25 07:59:29.070,2020,11,25,4,2,False,329
2020-11-26 07:59:29.070,2020,11,26,4,3,False,330
2020-11-27 07:59:29.070,2020,11,27,4,4,False,331
2020-11-28 07:59:29.070,2020,11,28,4,5,True,332
2020-11-29 07:59:29.070,2020,11,29,4,6,True,333
2020-11-30 07:59:29.070,2020,11,30,4,0,False,334
2020-12-01 07:59:29.070,2020,12,1,4,1,False,335
2020-12-02 07:59:29.070,2020,12,2,4,2,False,336
2020-12-03 07:59:29.070,2020,12,3,4,3,False,337
2020-12-04 07:59:29.070,2020,12,4,4,4,False,338
2020-12-05 07:59:29.070,2020,12,5,4,5,True,339
2020-12-06 07:59:29.070,2020,12,6,4,6,True,340
2020-12-07 07:59:29.070,2020,12,7,4,0,False,341
2020-12-08 07:59:29.070,2020,12,8,4,1,False,342
2020-12-09 07:59:29.070,2020,12,9,4,2,False,343
2020-12-10 07:59:29.070,2020,12,10,4,3,False,344
2020-12-11 07:59:29.070,2020,12,11,4,4,False,345
2020-12-12 07:59:29.070,2020,12,12,4,5,True,346
2020-12-13 07:59:29.070,2020,12,13,4,6,True,347
2020-12-14 07:59:29.070,2020,12,14,4,0,False,348
2020-12-15 07:59:29.070,2020,12,15,4,1,False,349
2020-12-16 07:59:29.070,2020,12,16,4,2,False,350
2020-12-17 07:59:29.070,2020,12,17,4,3,False,351
2020-12-18 07:59:29.070,2020,12,18,4,4,False,352
2020-12-19 07:59:29.070,2020,12,19,4,5,True,353
2020-12-20 07:59:29.070,2020,12,20,4,6,True,354
2020-12-21 07:59:29.070,2020,12,21,4,0,False,355
2020-12-22 07:59:29.070,2020,12,22,4,1,False,356
2020-12-23 07:59:29.070,2020,12,23,4,2,False,357
2020-12-24 07:59:29.070,2020,12,24,4,3,False,358
2020-12-25 07:59:29.070,2020,12,25,4,4,False,359
2020-12-26 07:59:29.070,2020,12,26,4,5,True,360
2020-12-27 07:59:29.070,2020,12,27,4,6,True,361
2020-12-28 07:59:29.070,2020,12,28,4,0,False,362
2020-12-29 07:59:29.070,2020,12,29,4,1,False,363
2020-12-30 07:59:29.070,2020,12,30,4,2,False,364
2020-12-31 07:59:29.070,2020,12,31,4,3,False,365
2021-01-01 07:59:29.070,2021,1,1,1,4,False,366
2021-01-02 07:59:29.070,2021,1,2,1,5,True,367
2021-01-03 07:59:29.070,2021,1,3,1,6,True,368
2021-01-04 07:59:29.070,2021,1,4,1,0,False,369
2021-01-05 07:59:29.070,2021,1,5,1,1,False,370
2021-01-06 07:59:29.070,2021,1,6,1,2,False,371
2021-01-07 07:59:29.070,2021,1,7,1,3,False,372
2021-01-08 07:59:29.070,2021,1,8,1,4,False,373
2021-01-09 07:59:29.070,2021,1,9,1,5,True,374
2021-01-10 07:59:29.070,2021,1,10,1,6,True,375
2021-01-11 07:59:29.070,2021,1,11,1,0,False,376
2021-01-12 07:59:29.070,2021,1,12,1,1,False,377
2021-01-13 07:59:29.070,2021,1,13,1,2,False,378
2021-01-14 07:59:29.070,2021,1,14,1,3,False,379
2021-01-15 07:59:29.070,2021,1,15,1,4,False,380
2021-01-16 07:59:29.070,2021,1,16,1,5,True,381
2021-01-17 07:59:29.070,2021,1,17,1,6,True,382
2021-01-18 07:59:29.070,2021,1,18,1,0,False,383
2021-01-19 07:59:29.070,2021,1,19,1,1,False,384
2021-01-20 07:59:29.070,2021,1,20,1,2,False,385
2021-01-21 07:59:29.070,2021,1,21,1,3,False,386
2021-01-22 07:59:29.070,2021,1,22,1,4,False,387
2021-01-23 07:59:29.070,2021,1,23,1,5,True,388
2021-01-24 07:59:29.070,2021,1,24,1,6,True,389
2021-01-25 07:59:29.070,2021,1,25,1,0,False,390
2021-01-26 07:59:29.070,2021,1,26,1,1,False,391
2021-01-27 07:59:29.070,2021,1,27,1,2,False,392
2021-01-28 07:59:29.070,2021,1,28,1,3,False,393
2021-01-29 07:59:29.070,2021,1,29,1,4,False,394
2021-01-30 07:59:29.070,2021,1,30,1,5,True,395
2021-01-31 07:59:29.070,2021,1,31,1,6,True,396
2021-02-01 07:59:29.070,2021,2,1,1,0,False,397
2021-02-02 07:59:29.070,2021,2,2,1,1,False,398
2021-02-03 07:59:29.070,2021,2,3,1,2,False,399
2021-02-04 07:59:29.070,2021,2,4,1,3,False,400
2021-02-05 07:59:29.070,2021,2,5,1,4,False,401
2021-02-06 07:59:29.070,2021,2,6,1,5,True,402
2021-02-07 07:59:29.070,2021,2,7,1,6,True,403
2021-02-08 07:59:29.070,2021,2,8,1,0,False,404
2021-02-09 07:59:29.070,2021,2,9,1,1,False,405
2021-02-10 07:59:29.070,2021,2,10,1,2,False,406
2021-02-11 07:59:29.070,2021,2,11,1,3,False,407
2021-02-12 07:59:29.070,2021,2,12,1,4,False,408
2021-02-13 07:59:29.070,2021,2,13,1,5,True,409
2021-02-14 07:59:29.070,2021,2,14,1,6,True,410
2021-02-15 07:59:29.070,2021,2,15,1,0,False,411
2021-02-16 07:59:29.070,2021,2,16,1,1,False,412
2021-02-17 07:59:29.070,2021,2,17,1,2,False,413
2021-02-18 07:59:29.070,2021,2,18,1,3,False,414
2021-02-19 07:59:29.070,2021,2,19,1,4,False,415
2021-02-20 07:59:29.070,2021,2,20,1,5,True,416
2021-02-21 07:59:29.070,2021,2,21,1,6,True,417
2021-02-22 07:59:29.070,2021,2,22,1,0,False,418
2021-02-23 07:59:29.070,2021,2,23,1,1,False,419
2021-02-24 07:59:29.070,2021,2,24,1,2,False,420
2021-02-25 07:59:29.070,2021,2,25,1,3,False,421
2021-02-26 07:59:29.070,2021,2,26,1,4,False,422
2021-02-27 07:59:29.070,2021,2,27,1,5,True,423
2021-02-28 07:59:29.070,2021,2,28,1,6,True,424
2021-03-01 07:59:29.070,2021,3,1,1,0,False,425
2021-03-02 07:59:29.070,2021,3,2,1,1,False,426
2021-03-03 07:59:29.070,2021,3,3,1,2,False,427
2021-03-04 07:59:29.070,2021,3,4,1,3,False,428
2021-03-05 07:59:29.070,2021,3,5,1,4,False,429
2021-03-06 07:59:29.070,2021,3,6,1,5,True,430
2021-03-07 07:59:29.070,2021,3,7,1,6,True,431
2021-03-08 07:59:29.070,2021,3,8,1,0,False,432
2021-03-09 07:59:29.070,2021,3,9,1,1,False,433
2021-03-10 07:59:29.070,2021,3,10,1,2,False,434
2021-03-11 07:59:29.070,2021,3,11,1,3,False,435
2021-03-12 07:59:29.070,2021,3,12,1,4,False,436
2021-03-13 07:59:29.070,2021,3,13,1,5,True,437
2021-03-14 07:59:29.070,2021,3,14,1,6,True,438
2021-03-15 07:59:29.070,2021,3,15,1,0,False,439
2021-03-16 07:59:29.070,2021,3,16,1,1,False,440
2021-03-17 07:59:29.070,2021,3,17,1,2,False,441
2021-03-18 07:59:29.070,2021,3,18,1,3,False,442
2021-03-19 07:59:29.070,2021,3,19,1,4,False,443
2021-03-20 07:59:29.070,2021,3,20,1,5,True,444
2021-03-21 07:59:29.070,2021,3,21,1,6,True,445
2021-03-22 07:59:29.070,2021,3,22,1,0,False,446
2021-03-23 07:59:29.070,2021,3,23,1,1,False,447
2021-03-24 07:59:29.070,2021,3,24,1,2,False,448
2021-03-25 07:59:29.070,2021,3,25,1,3,False,449
2021-03-26 07:59:29.070,2021,3,26,1,4,False,450
2021-03-27 07:59:29.070,2021,3,27,1,5,True,451
2021-03-28 07:59:29.070,2021,3,28,1,6,True,452
2021-03-29 07:59:29.070,2021,3,29,1,0,False,453
2021-03-30 07:59:29.070,2021,3,30,1,1,False,454
2021-03-31 07:59:29.070,2021,3,31,1,2,False,455
2021-04-01 07:59:29.070,2021,4,1,2,3,False,456
2021-04-02 07:59:29.070,2021,4,2,2,4,False,457
2021-04-03 07:59:29.070,2021,4,3,2,5,True,458
2021-04-04 07:59:29.070,2021,4,4,2,6,True,459
2021-04-05 07:59:29.070,2021,4,5,2,0,False,460
2021-04-06 07:59:29.070,2021,4,6,2,1,False,461
2021-04-07 07:59:29.070,2021,4,7,2,2,False,462
2021-04-08 07:59:29.070,2021,4,8,2,3,False,463
2021-04-09 07:59:29.070,2021,4,9,2,4,False,464
2021-04-10 07:59:29.070,2021,4,10,2,5,True,465
2021-04-11 07:59:29.070,2021,4,11,2,6,True,466
2021-04-12 07:59:29.070,2021,4,12,2,0,False,467
2021-04-13 07:59:29.070,2021,4,13,2,1,False,468
2021-04-14 07:59:29.070,2021,4,14,2,2,False,469
2021-04-15 07:59:29.070,2021,4,15,2,3,False,470
2021-04-16 07:59:29.070,2021,4,16,2,4,False,471
2021-04-17 07:59:29.070,2021,4,17,2,5,True,472
2021-04-18 07:59:29.070,2021,4,18,2,6,True,473
2021-04-19 07:59:29.070,2021,4,19,2,0,False,474
2021-04-20 07:59:29.070,2021,4,20,2,1,False,475
2021-04-21 07:59:29.070,2021,4,21,2,2,False,476
2021-04-22 07:59:29.070,2021,4,22,2,3,False,477
2021-04-23 07:59:29.070,2021,4,23,2,4,False,478
2021-04-24 07:59:29.070,2021,4,24,2,5,True,479
2021-04-25 07:59:29.070,2021,4,25,2,6,True,480
2021-04-26 07:59:29.070,2021,4,26,2,0,False,481
2021-04-27 07:59:29.070,2021,4,27,2,1,False,482
2021-04-28 07:59:29.070,2021,4,28,2,2,False,483
2021-04-29 07:59:29.070,2021,4,29,2,3,False,484
2021-04-30 07:59:29.070,2021,4,30,2,4,False,485
2021-05-01 07:59:29.070,2021,5,1,2,5,True,486
2021-05-02 07:59:29.070,2021,5,2,2,6,True,487
2021-05-03 07:59:29.070,2021,5,3,2,0,False,488
2021-05-04 07:59:29.070,2021,5,4,2,1,False,489
2021-05-05 07:59:29.070,2021,5,5,2,2,False,490
2021-05-06 07:59:29.070,2021,5,6,2,3,False,491
2021-05-07 07:59:29.070,2021,5,7,2,4,False,492
2021-05-08 07:59:29.070,2021,5,8,2,5,True,493
2021-05-09 07:59:29.070,2021,5,9,2,6,True,494
2021-05-10 07:59:29.070,2021,5,10,2,0,False,495
2021-05-11 07:59:29.070,2021,5,11,2,1,False,496
2021-05-12 07:59:29.070,2021,5,12,2,2,False,497
2021-05-13 07:59:29.070,2021,5,13,2,3,False,498
2021-05-14 07:59:29.070,2021,5,14,2,4,False,499
2021-05-15 07:59:29.070,2021,5,15,2,5,True,500
2021-05-16 07:59:29.070,2021,5,16,2,6,True,501
2021-05-17 07:59:29.070,2021,5,17,2,0,False,502
2021-05-18 07:59:29.070,2021,5,18,2,1,False,503
2021-05-19 07:59:29.070,2021,5,19,2,2,False,504
2021-05-20 07:59:29.070,2021,5,20,2,3,False,505
2021-05-21 07:59:29.070,2021,5,21,2,4,False,506
2021-05-22 07:59:29.070,2021,5,22,2,5,True,507
2021-05-23 07:59:29.070,2021,5,23,2,6,True,508
2021-05-24 07:59:29.070,2021,5,24,2,0,False,509
2021-05-25 07:59:29.070,2021,5,25,2,1,False,510
2021-05-26 07:59:29.070,2021,5,26,2,2,False,511
2021-05-27 07:59:29.070,2021,5,27,2,3,False,512
2021-05-28 07:59:29.070,2021,5,28,2,4,False,513
2021-05-29 07:59:29.070,2021,5,29,2,5,True,514
2021-05-30 07:59:29.070,2021,5,30,2,6,True,515
2021-05-31 07:59:29.070,2021,5,31,2,0,False,516
2021-06-01 07:59:29.070,2021,6,1,2,1,False,517
2021-06-02 07:59:29.070,2021,6,2,2,2,False,518
2021-06-03 07:59:29.070,2021,6,3,2,3,False,519
2021-06-04 07:59:29.070,2021,6,4,2,4,False,520
2021-06-05 07:59:29.070,2021,6,5,2,5,True,521
2021-06-06 07:59:29.070,2021,6,6,2,6,True,522
2021-06-07 07:59:29.070,2021,6,7,2,0,False,523
2021-06-08 07:59:29.070,2021,6,8,2,1,False,524
2021-06-09 07:59:29.070,2021,6,9,2,2,False,525
2021-06-10 07:59:29.070,2021,6,10,2,3,False,526
2021-06-11 07:59:29.070,2021,6,11,2,4,False,527
2021-06-12 07:59:29.070,2021,6,12,2,5,True,528
2021-06-13 07:59:29.070,2021,6,13,2,6,True,529
2021-06-14 07:59:29.070,2021,6,14,2,0,False,530
2021-06-15 07:59:29.070,2021,6,15,2,1,False,531
2021-06-16 07:59:29.070,2021,6,16,2,2,False,532
2021-06-17 07:59:29.070,2021,6,17,2,3,False,533
2021-06-18 07:59:29.070,2021,6,18,2,4,False,534
2021-06-19 07:59:29.070,2021,6,19,2,5,True,535
2021-06-20 07:59:29.070,2021,6,20,2,6,True,536
2021-06-21 07:59:29.070,2021,6,21,2,0,False,537
2021-06-22 07:59:29.070,2021,6,22,2,1,False,538
2021-06-23 07:59:29.070,2021,6,23,2,2,False,539
2021-06-24 07:59:29.070,2021,6,24,2,3,False,540
2021-06-25 07:59:29.070,2021,6,25,2,4,False,541
2021-06-26 07:59:29.070,2021,6,26,2,5,True,542
2021-06-27 07:59:29.070,2021,6,27,2,6,True,543
2021-06-28 07:59:29.070,2021,6,28,2,0,False,544
2021-06-29 07:59:29.070,2021,6,29,2,1,False,545
2021-06-30 07:59:29.070,2021,6,30,2,2,False,546
2021-07-01 07:59:29.070,2021,7,1,3,3,False,547
2021-07-02 07:59:29.070,2021,7,2,3,4,False,548
2021-07-03 07:59:29.070,2021,7,3,3,5,True,549
2021-07-04 07:59:29.070,2021,7,4,3,6,True,550
2021-07-05 07:59:29.070,2021,7,5,3,0,False,551
2021-07-06 07:59:29.070,2021,7,6,3,1,False,552
2021-07-07 07:59:29.070,2021,7,7,3,2,False,553
2021-07-08 07:59:29.070,2021,7,8,3,3,False,554
2021-07-09 07:59:29.070,2021,7,9,3,4,False,555
2021-07-10 07:59:29.070,2021,7,10,3,5,True,556
2021-07-11 07:59:29.070,2021,7,11,3,6,True,557
2021-07-12 07:59:29.070,2021,7,12,3,0,False,558
2021-07-13 07:59:29.070,2021,7,13,3,1,False,559
2021-07-14 07:59:29.070,2021,7,14,3,2,False,560
2021-07-15 07:59:29.070,2021,7,15,3,3,False,561
2021-07-16 07:59:29.070,2021,7,16,3,4,False,562
2021-07-17 07:59:29.070,2021,7,17,3,5,True,563
2021-07-18 07:59:29.070,2021,7,18,3,6,True,564
2021-07-19 07:59:29.070,2021,7,19,3,0,False,565
2021-07-20 07:59:29.070,2021,7,20,3,1,False,566
2021-07-21 07:59:29.070,2021,7,21,3,2,False,567
2021-07-22 07:59:29.070,2021,7,22,3,3,False,568
2021-07-23 07:59:29.070,2021,7,23,3,4,False,569
2021-07-24 07:59:29.070,2021,7,24,3,5,True,570
2021-07-25 07:59:29.070,2021,7,25,3,6,True,571
2021-07-26 07:59:29.070,2021,7,26,3,0,False,572
2021-07-27 07:59:29.070,2021,7,27,3,1,False,573
2021-07-28 07:59:29.070,2021,7,28,3,2,False,574
2021-07-29 07:59:29.070,2021,7,29,3,3,False,575
2021-07-30 07:59:29.070,2021,7,30,3,4,False,576
2021-07-31 07:59:29.070,2021,7,31,3,5,True,577
2021-08-01 07:59:29.070,2021,8,1,3,6,True,578
2021-08-02 07:59:29.070,2021,8,2,3,0,False,579
2021-08-03 07:59:29.070,2021,8,3,3,1,False,580
2021-08-04 07:59:29.070,2021,8,4,3,2,False,581
2021-08-05 07:59:29.070,2021,8,5,3,3,False,582
2021-08-06 07:59:29.070,2021,8,6,3,4,False,583
2021-08-07 07:59:29.070,2021,8,7,3,5,True,584
2021-08-08 07:59:29.070,2021,8,8,3,6,True,585
2021-08-09 07:59:29.070,2021,8,9,3,0,False,586
2021-08-10 07:59:29.070,2021,8,10,3,1,False,587
2021-08-11 07:59:29.070,2021,8,11,3,2,False,588
2021-08-12 07:59:29.070,2021,8,12,3,3,False,589
2021-08-13 07:59:29.070,2021,8,13,3,4,False,590
2021-08-14 07:59:29.070,2021,8,14,3,5,True,591
2021-08-15 07:59:29.070,2021,8,15,3,6,True,592
2021-08-16 07:59:29.070,2021,8,16,3,0,False,593
2021-08-17 07:59:29.070,2021,8,17,3,1,False,594
2021-08-18 07:59:29.070,2021,8,18,3,2,False,595
2021-08-19 07:59:29.070,2021,8,19,3,3,False,596
2021-08-20 07:59:29.070,2021,8,20,3,4,False,597
2021-08-21 07:59:29.070,2021,8,21,3,5,True,598
2021-08-22 07:59:29.070,2021,8,22,3,6,True,599
2021-08-23 07:59:29.070,2021,8,23,3,0,False,600
2021-08-24 07:59:29.070,2021,8,24,3,1,False,601
2021-08-25 07:59:29.070,2021,8,25,3,2,False,602
2021-08-26 07:59:29.070,2021,8,26,3,3,False,603
2021-08-27 07:59:29.070,2021,8,27,3,4,False,604
2021-08-28 07:59:29.070,2021,8,28,3,5,True,605
2021-08-29 07:59:29.070,2021,8,29,3,6,True,606
2021-08-30 07:59:29.070,2021,8,30,3,0,False,607
2021-08-31 07:59:29.070,2021,8,31,3,1,False,608
2021-09-01 07:59:29.070,2021,9,1,3,2,False,609
2021-09-02 07:59:29.070,2021,9,2,3,3,False,610
2021-09-03 07:59:29.070,2021,9,3,3,4,False,611
2021-09-04 07:59:29.070,2021,9,4,3,5,True,612
2021-09-05 07:59:29.070,2021,9,5,3,6,True,613
2021-09-06 07:59:29.070,2021,9,6,3,0,False,614
2021-09-07 07:59:29.070,2021,9,7,3,1,False,615
2021-09-08 07:59:29.070,2021,9,8,3,2,False,616
2021-09-09 07:59:29.070,2021,9,9,3,3,False,617
2021-09-10 07:59:29.070,2021,9,10,3,4,False,618
2021-09-11 07:59:29.070,2021,9,11,3,5,True,619
2021-09-12 07:59:29.070,2021,9,12,3,6,True,620
2021-09-13 07:59:29.070,2021,9,13,3,0,False,621
2021-09-14 07:59:29.070,2021,9,14,3,1,False,622
2021-09-15 07:59:29.070,2021,9,15,3,2,False,623
2021-09-16 07:59:29.070,2021,9,16,3,3,False,624
2021-09-17 07:59:29.070,2021,9,17,3,4,False,625
2021-09-18 07:59:29.070,2021,9,18,3,5,True,626
2021-09-19 07:59:29.070,2021,9,19,3,6,True,627
2021-09-20 07:59:29.070,2021,9,20,3,0,False,628
2021-09-21 07:59:29.070,2021,9,21,3,1,False,629
2021-09-22 07:59:29.070,2021,9,22,3,2,False,630
2021-09-23 07:59:29.070,2021,9,23,3,3,False,631
2021-09-24 07:59:29.070,2021,9,24,3,4,False,632
2021-09-25 07:59:29.070,2021,9,25,3,5,True,633
2021-09-26 07:59:29.070,2021,9,26,3,6,True,634
2021-09-27 07:59:29.070,2021,9,27,3,0,False,635
2021-09-28 07:59:29.070,2021,9,28,3,1,False,636
2021-09-29 07:59:29.070,2021,9,29,3,2,False,637
2021-09-30 07:59:29.070,2021,9,30,3,3,False,638
2021-10-01 07:59:29.070,2021,10,1,4,4,False,639
2021-10-02 07:59:29.070,2021,10,2,4,5,True,640
2021-10-03 07:59:29.070,2021,10,3,4,6,True,641
2021-10-04 07:59:29.070,2021,10,4,4,0,False,642
2021-10-05 07:59:29.070,2021,10,5,4,1,False,643
2021-10-06 07:59:29.070,2021,10,6,4,2,False,644
2021-10-07 07:59:29.070,2021,10,7,4,3,False,645
2021-10-08 07:59:29.070,2021,10,8,4,4,False,646
2021-10-09 07:59:29.070,2021,10,9,4,5,True,647
2021-10-10 07:59:29.070,2021,10,10,4,6,True,648
2021-10-11 07:59:29.070,2021,10,11,4,0,False,649
2021-10-12 07:59:29.070,2021,10,12,4,1,False,650
2021-10-13 07:59:29.070,2021,10,13,4,2,False,651
2021-10-14 07:59:29.070,2021,10,14,4,3,False,652
2021-10-15 07:59:29.070,2021,10,15,4,4,False,653
2021-10-16 07:59:29.070,2021,10,16,4,5,True,654
2021-10-17 07:59:29.070,2021,10,17,4,6,True,655
2021-10-18 07:59:29.070,2021,10,18,4,0,False,656
2021-10-19 07:59:29.070,2021,10,19,4,1,False,657
2021-10-20 07:59:29.070,2021,10,20,4,2,False,658
2021-10-21 07:59:29.070,2021,10,21,4,3,False,659
2021-10-22 07:59:29.070,2021,10,22,4,4,False,660
2021-10-23 07:59:29.070,2021,10,23,4,5,True,661
2021-10-24 07:59:29.070,2021,10,24,4,6,True,662
2021-10-25 07:59:29.070,2021,10,25,4,0,False,663
2021-10-26 07:59:29.070,2021,10,26,4,1,False,664
2021-10-27 07:59:29.070,2021,10,27,4,2,False,665
2021-10-28 07:59:29.070,2021,10,28,4,3,False,666
2021-10-29 07:59:29.070,2021,10,29,4,4,False,667
2021-10-30 07:59:29.070,2021,10,30,4,5,True,668
2021-10-31 07:59:29.070,2021,10,31,4,6,True,669
2021-11-01 07:59:29.070,2021,11,1,4,0,False,670
2021-11-02 07:59:29.070,2021,11,2,4,1,False,671
2021-11-03 07:59:29.070,2021,11,3,4,2,False,672
2021-11-04 07:59:29.070,2021,11,4,4,3,False,673
2021-11-05 07:59:29.070,2021,11,5,4,4,False,674
2021-11-06 07:59:29.070,2021,11,6,4,5,True,675
2021-11-07 07:59:29.070,2021,11,7,4,6,True,676
2021-11-08 07:59:29.070,2021,11,8,4,0,False,677
2021-11-09 07:59:29.070,2021,11,9,4,1,False,678
2021-11-10 07:59:29.070,2021,11,10,4,2,False,679
2021-11-11 07:59:29.070,2021,11,11,4,3,False,680
2021-11-12 07:59:29.070,2021,11,12,4,4,False,681
2021-11-13 07:59:29.070,2021,11,13,4,5,True,682
2021-11-14 07:59:29.070,2021,11,14,4,6,True,683
2021-11-15 07:59:29.070,2021,11,15,4,0,False,684
2021-11-16 07:59:29.070,2021,11,16,4,1,False,685
2021-11-17 07:59:29.070,2021,11,17,4,2,False,686
2021-11-18 07:59:29.070,2021,11,18,4,3,False,687
2021-11-19 07:59:29.070,2021,11,19,4,4,False,688
2021-11-20 07:59:29.070,2021,11,20,4,5,True,689
2021-11-21 07:59:29.070,2021,11,21,4,6,True,690
2021-11-22 07:59:29.070,2021,11,22,4,0,False,691
2021-11-23 07:59:29.070,2021,11,23,4,1,False,692
2021-11-24 07:59:29.070,2021,11,24,4,2,False,693
2021-11-25 07:59:29.070,2021,11,25,4,3,False,694
2021-11-26 07:59:29.070,2021,11,26,4,4,False,695
2021-11-27 07:59:29.070,2021,11,27,4,5,True,696
2021-11-28 07:59:29.070,2021,11,28,4,6,True,697
2021-11-29 07:59:29.070,2021,11,29,4,0,False,698
2021-11-30 07:59:29.070,2021,11,30,4,1,False,699
2021-12-01 07:59:29.070,2021,12,1,4,2,False,700
2021-12-02 07:59:29.070,2021,12,2,4,3,False,701
2021-12-03 07:59:29.070,2021,12,3,4,4,False,702
2021-12-04 07:59:29.070,2021,12,4,4,5,True,703
2021-12-05 07:59:29.070,2021,12,5,4,6,True,704
2021-12-06 07:59:29.070,2021,12,6,4,0,False,705
2021-12-07 07:59:29.070,2021,12,7,4,1,False,706
2021-12-08 07:59:29.070,2021,12,8,4,2,False,707
2021-12-09 07:59:29.070,2021,12,9,4,3,False,708
2021-12-10 07:59:29.070,2021,12,10,4,4,False,709
2021-12-11 07:59:29.070,2021,12,11,4,5,True,710
2021-12-12 07:59:29.070,2021,12,12,4,6,True,711
2021-12-13 07:59:29.070,2021,12,13,4,0,False,712
2021-12-14 07:59:29.070,2021,12,14,4,1,False,713
2021-12-15 07:59:29.070,2021,12,15,4,2,False,714
2021-12-16 07:59:29.070,2021,12,16,4,3,False,715
2021-12-17 07:59:29.070,2021,12,17,4,4,False,716
2021-12-18 07:59:29.070,2021,12,18,4,5,True,717
2021-12-19 07:59:29.070,2021,12,19,4,6,True,718
2021-12-20 07:59:29.070,2021,12,20,4,0,False,719
2021-12-21 07:59:29.070,2021,12,21,4,1,False,720
2021-12-22 07:59:29.070,2021,12,22,4,2,False,721
2021-12-23 07:59:29.070,2021,12,23,4,3,False,722
2021-12-24 07:59:29.070,2021,12,24,4,4,False,723
2021-12-25 07:59:29.070,2021,12,25,4,5,True,724
2021-12-26 07:59:29.070,2021,12,26,4,6,True,725
2021-12-27 07:59:29.070,2021,12,27,4,0,False,726
2021-12-28 07:59:29.070,2021,12,28,4,1,False,727
2021-12-29 07:59:29.070,2021,12,29,4,2,False,728
2021-12-30 07:59:29.070,2021,12,30,4,3,False,729
2021-12-31 07:59:29.070,2021,12,31,4,4,False,730
2022-01-01 07:59:29.070,2022,1,1,1,5,True,731
2022-01-02 07:59:29.070,2022,1,2,1,6,True,732
2022-01-03 07:59:29.070,2022,1,3,1,0,False,733
2022-01-04 07:59:29.070,2022,1,4,1,1,False,734
2022-01-05 07:59:29.070,2022,1,5,1,2,False,735
2022-01-06 07:59:29.070,2022,1,6,1,3,False,736
2022-01-07 07:59:29.070,2022,1,7,1,4,False,737
2022-01-08 07:59:29.070,2022,1,8,1,5,True,738
2022-01-09 07:59:29.070,2022,1,9,1,6,True,739
2022-01-10 07:59:29.070,2022,1,10,1,0,False,740
2022-01-11 07:59:29.070,2022,1,11,1,1,False,741
2022-01-12 07:59:29.070,2022,1,12,1,2,False,742
2022-01-13 07:59:29.070,2022,1,13,1,3,False,743
2022-01-14 07:59:29.070,2022,1,14,1,4,False,744
2022-01-15 07:59:29.070,2022,1,15,1,5,True,745
2022-01-16 07:59:29.070,2022,1,16,1,6,True,746
2022-01-17 07:59:29.070,2022,1,17,1,0,False,747
2022-01-18 07:59:29.070,2022,1,18,1,1,False,748
2022-01-19 07:59:29.070,2022,1,19,1,2,False,749
2022-01-20 07:59:29.070,2022,1,20,1,3,False,750
2022-01-21 07:59:29.070,2022,1,21,1,4,False,751
2022-01-22 07:59:29.070,2022,1,22,1,5,True,752
2022-01-23 07:59:29.070,2022,1,23,1,6,True,753
2022-01-24 07:59:29.070,2022,1,24,1,0,False,754
2022-01-25 07:59:29.070,2022,1,25,1,1,False,755
2022-01-26 07:59:29.070,2022,1,26,1,2,False,756
2022-01-27 07:59:29.070,2022,1,27,1,3,False,757
2022-01-28 07:59:29.070,2022,1,28,1,4,False,758
2022-01-29 07:59:29.070,2022,1,29,1,5,True,759
2022-01-30 07:59:29.070,2022,1,30,1,6,True,760
2022-01-31 07:59:29.070,2022,1,31,1,0,False,761
2022-02-01 07:59:29.070,2022,2,1,1,1,False,762
2022-02-02 07:59:29.070,2022,2,2,1,2,False,763
2022-02-03 07:59:29.070,2022,2,3,1,3,False,764
2022-02-04 07:59:29.070,2022,2,4,1,4,False,765
2022-02-05 07:59:29.070,2022,2,5,1,5,True,766
2022-02-06 07:59:29.070,2022,2,6,1,6,True,767
2022-02-07 07:59:29.070,2022,2,7,1,0,False,768
2022-02-08 07:59:29.070,2022,2,8,1,1,False,769
2022-02-09 07:59:29.070,2022,2,9,1,2,False,770
2022-02-10 07:59:29.070,2022,2,10,1,3,False,771
2022-02-11 07:59:29.070,2022,2,11,1,4,False,772
2022-02-12 07:59:29.070,2022,2,12,1,5,True,773
2022-02-13 07:59:29.070,2022,2,13,1,6,True,774
2022-02-14 07:59:29.070,2022,2,14,1,0,False,775
2022-02-15 07:59:29.070,2022,2,15,1,1,False,776
2022-02-16 07:59:29.070,2022,2,16,1,2,False,777
2022-02-17 07:59:29.070,2022,2,17,1,3,False,778
2022-02-18 07:59:29.070,2022,2,18,1,4,False,779
2022-02-19 07:59:29.070,2022,2,19,1,5,True,780
2022-02-20 07:59:29.070,2022,2,20,1,6,True,781
2022-02-21 07:59:29.070,2022,2,21,1,0,False,782
2022-02-22 07:59:29.070,2022,2,22,1,1,False,783
2022-02-23 07:59:29.070,2022,2,23,1,2,False,784
2022-02-24 07:59:29.070,2022,2,24,1,3,False,785
2022-02-25 07:59:29.070,2022,2,25,1,4,False,786
2022-02-26 07:59:29.070,2022,2,26,1,5,True,787
2022-02-27 07:59:29.070,2022,2,27,1,6,True,788
2022-02-28 07:59:29.070,2022,2,28,1,0,False,789
2022-03-01 07:59:29.070,2022,3,1,1,1,False,790
2022-03-02 07:59:29.070,2022,3,2,1,2,False,791
2022-03-03 07:59:29.070,2022,3,3,1,3,False,792
2022-03-04 07:59:29.070,2022,3,4,1,4,False,793
2022-03-05 07:59:29.070,2022,3,5,1,5,True,794
2022-03-06 07:59:29.070,2022,3,6,1,6,True,795
2022-03-07 07:59:29.070,2022,3,7,1,0,False,796
2022-03-08 07:59:29.070,2022,3,8,1,1,False,797
2022-03-09 07:59:29.070,2022,3,9,1,2,False,798
2022-03-10 07:59:29.070,2022,3,10,1,3,False,799
2022-03-11 07:59:29.070,2022,3,11,1,4,False,800
2022-03-12 07:59:29.070,2022,3,12,1,5,True,801
2022-03-13 07:59:29.070,2022,3,13,1,6,True,802
2022-03-14 07:59:29.070,2022,3,14,1,0,False,803
2022-03-15 07:59:29.070,2022,3,15,1,1,False,804
2022-03-16 07:59:29.070,2022,3,16,1,2,False,805
2022-03-17 07:59:29.070,2022,3,17,1,3,False,806
2022-03-18 07:59:29.070,2022,3,18,1,4,False,807
2022-03-19 07:59:29.070,2022,3,19,1,5,True,808
2022-03-20 07:59:29.070,2022,3,20,1,6,True,809
2022-03-21 07:59:29.070,2022,3,21,1,0,False,810
2022-03-22 07:59:29.070,2022,3,22,1,1,False,811
2022-03-23 07:59:29.070,2022,3,23,1,2,False,812
2022-03-24 07:59:29.070,2022,3,24,1,3,False,813
2022-03-25 07:59:29.070,2022,3,25,1,4,False,814
2022-03-26 07:59:29.070,2022,3,26,1,5,True,815
2022-03-27 07:59:29.070,2022,3,27,1,6,True,816
2022-03-28 07:59:29.070,2022,3,28,1,0,False,817
2022-03-29 07:59:29.070,2022,3,29,1,1,False,818
2022-03-30 07:59:29.070,2022,3,30,1,2,False,819
2022-03-31 07:59:29.070,2022,3,31,1,3,False,820
2022-04-01 07:59:29.070,2022,4,1,2,4,False,821
2022-04-02 07:59:29.070,2022,4,2,2,5,True,822
2022-04-03 07:59:29.070,2022,4,3,2,6,True,823
2022-04-04 07:59:29.070,2022,4,4,2,0,False,824
2022-04-05 07:59:29.070,2022,4,5,2,1,False,825
2022-04-06 07:59:29.070,2022,4,6,2,2,False,826
2022-04-07 07:59:29.070,2022,4,7,2,3,False,827
2022-04-08 07:59:29.070,2022,4,8,2,4,False,828
2022-04-09 07:59:29.070,2022,4,9,2,5,True,829
2022-04-10 07:59:29.070,2022,4,10,2,6,True,830
2022-04-11 07:59:29.070,2022,4,11,2,0,False,831
2022-04-12 07:59:29.070,2022,4,12,2,1,False,832
2022-04-13 07:59:29.070,2022,4,13,2,2,False,833
2022-04-14 07:59:29.070,2022,4,14,2,3,False,834
2022-04-15 07:59:29.070,2022,4,15,2,4,False,835
2022-04-16 07:59:29.070,2022,4,16,2,5,True,836
2022-04-17 07:59:29.070,2022,4,17,2,6,True,837
2022-04-18 07:59:29.070,2022,4,18,2,0,False,838
2022-04-19 07:59:29.070,2022,4,19,2,1,False,839
2022-04-20 07:59:29.070,2022,4,20,2,2,False,840
2022-04-21 07:59:29.070,2022,4,21,2,3,False,841
2022-04-22 07:59:29.070,2022,4,22,2,4,False,842
2022-04-23 07:59:29.070,2022,4,23,2,5,True,843
2022-04-24 07:59:29.070,2022,4,24,2,6,True,844
2022-04-25 07:59:29.070,2022,4,25,2,0,False,845
2022-04-26 07:59:29.070,2022,4,26,2,1,False,846
2022-04-27 07:59:29.070,2022,4,27,2,2,False,847
2022-04-28 07:59:29.070,2022,4,28,2,3,False,848
2022-04-29 07:59:29.070,2022,4,29,2,4,False,849
2022-04-30 07:59:29.070,2022,4,30,2,5,True,850
2022-05-01 07:59:29.070,2022,5,1,2,6,True,851
2022-05-02 07:59:29.070,2022,5,2,2,0,False,852
2022-05-03 07:59:29.070,2022,5,3,2,1,False,853
2022-05-04 07:59:29.070,2022,5,4,2,2,False,854
2022-05-05 07:59:29.070,2022,5,5,2,3,False,855
2022-05-06 07:59:29.070,2022,5,6,2,4,False,856
2022-05-07 07:59:29.070,2022,5,7,2,5,True,857
2022-05-08 07:59:29.070,2022,5,8,2,6,True,858
2022-05-09 07:59:29.070,2022,5,9,2,0,False,859
2022-05-10 07:59:29.070,2022,5,10,2,1,False,860
2022-05-11 07:59:29.070,2022,5,11,2,2,False,861
2022-05-12 07:59:29.070,2022,5,12,2,3,False,862
2022-05-13 07:59:29.070,2022,5,13,2,4,False,863
2022-05-14 07:59:29.070,2022,5,14,2,5,True,864
2022-05-15 07:59:29.070,2022,5,15,2,6,True,865
2022-05-16 07:59:29.070,2022,5,16,2,0,False,866
2022-05-17 07:59:29.070,2022,5,17,2,1,False,867
2022-05-18 07:59:29.070,2022,5,18,2,2,False,868
2022-05-19 07:59:29.070,2022,5,19,2,3,False,869
2022-05-20 07:59:29.070,2022,5,20,2,4,False,870
2022-05-21 07:59:29.070,2022,5,21,2,5,True,871
2022-05-22 07:59:29.070,2022,5,22,2,6,True,872
2022-05-23 07:59:29.070,2022,5,23,2,0,False,873
2022-05-24 07:59:29.070,2022,5,24,2,1,False,874
2022-05-25 07:59:29.070,2022,5,25,2,2,False,875
2022-05-26 07:59:29.070,2022,5,26,2,3,False,876
2022-05-27 07:59:29.070,2022,5,27,2,4,False,877
2022-05-28 07:59:29.070,2022,5,28,2,5,True,878
2022-05-29 07:59:29.070,2022,5,29,2,6,True,879
2022-05-30 07:59:29.070,2022,5,30,2,0,False,880
2022-05-31 07:59:29.070,2022,5,31,2,1,False,881
2022-06-01 07:59:29.070,2022,6,1,2,2,False,882
2022-06-02 07:59:29.070,2022,6,2,2,3,False,883
2022-06-03 07:59:29.070,2022,6,3,2,4,False,884
2022-06-04 07:59:29.070,2022,6,4,2,5,True,885
2022-06-05 07:59:29.070,2022,6,5,2,6,True,886
2022-06-06 07:59:29.070,2022,6,6,2,0,False,887
2022-06-07 07:59:29.070,2022,6,7,2,1,False,888
2022-06-08 07:59:29.070,2022,6,8,2,2,False,889
2022-06-09 07:59:29.070,2022,6,9,2,3,False,890
2022-06-10 07:59:29.070,2022,6,10,2,4,False,891
2022-06-11 07:59:29.070,2022,6,11,2,5,True,892
2022-06-12 07:59:29.070,2022,6,12,2,6,True,893
2022-06-13 07:59:29.070,2022,6,13,2,0,False,894
2022-06-14 07:59:29.070,2022,6,14,2,1,False,895
2022-06-15 07:59:29.070,2022,6,15,2,2,False,896
2022-06-16 07:59:29.070,2022,6,16,2,3,False,897
2022-06-17 07:59:29.070,2022,6,17,2,4,False,898
2022-06-18 07:59:29.070,2022,6,18,2,5,True,899
2022-06-19 07:59:29.070,2022,6,19,2,6,True,900
2022-06-20 07:59:29.070,2022,6,20,2,0,False,901
2022-06-21 07:59:29.070,2022,6,21,2,1,False,902
2022-06-22 07:59:29.070,2022,6,22,2,2,False,903
2022-06-23 07:59:29.070,2022,6,23,2,3,False,904
2022-06-24 07:59:29.070,2022,6,24,2,4,False,905
2022-06-25 07:59:29.070,2022,6,25,2,5,True,906
2022-06-26 07:59:29.070,2022,6,26,2,6,True,907
2022-06-27 07:59:29.070,2022,6,27,2,0,False,908
2022-06-28 07:59:29.070,2022,6,28,2,1,False,909
2022-06-29 07:59:29.070,2022,6,29,2,2,False,910
2022-06-30 07:59:29.070,2022,6,30,2,3,False,911
2022-07-01 07:59:29.070,2022,7,1,3,4,False,912
2022-07-02 07:59:29.070,2022,7,2,3,5,True,913
2022-07-03 07:59:29.070,2022,7,3,3,6,True,914
2022-07-04 07:59:29.070,2022,7,4,3,0,False,915
2022-07-05 07:59:29.070,2022,7,5,3,1,False,916
2022-07-06 07:59:29.070,2022,7,6,3,2,False,917
2022-07-07 07:59:29.070,2022,7,7,3,3,False,918
2022-07-08 07:59:29.070,2022,7,8,3,4,False,919
2022-07-09 07:59:29.070,2022,7,9,3,5,True,920
2022-07-10 07:59:29.070,2022,7,10,3,6,True,921
2022-07-11 07:59:29.070,2022,7,11,3,0,False,922
2022-07-12 07:59:29.070,2022,7,12,3,1,False,923
2022-07-13 07:59:29.070,2022,7,13,3,2,False,924
2022-07-14 07:59:29.070,2022,7,14,3,3,False,925
2022-07-15 07:59:29.070,2022,7,15,3,4,False,926
2022-07-16 07:59:29.070,2022,7,16,3,5,True,927
2022-07-17 07:59:29.070,2022,7,17,3,6,True,928
2022-07-18 07:59:29.070,2022,7,18,3,0,False,929
2022-07-19 07:59:29.070,2022,7,19,3,1,False,930
2022-07-20 07:59:29.070,2022,7,20,3,2,False,931
2022-07-21 07:59:29.070,2022,7,21,3,3,False,932
2022-07-22 07:59:29.070,2022,7,22,3,4,False,933
2022-07-23 07:59:29.070,2022,7,23,3,5,True,934
2022-07-24 07:59:29.070,2022,7,24,3,6,True,935
2022-07-25 07:59:29.070,2022,7,25,3,0,False,936
2022-07-26 07:59:29.070,2022,7,26,3,1,False,937
2022-07-27 07:59:29.070,2022,7,27,3,2,False,938
2022-07-28 07:59:29.070,2022,7,28,3,3,False,939
2022-07-29 07:59:29.070,2022,7,29,3,4,False,940
2022-07-30 07:59:29.070,2022,7,30,3,5,True,941
2022-07-31 07:59:29.070,2022,7,31,3,6,True,942
2022-08-01 07:59:29.070,2022,8,1,3,0,False,943
2022-08-02 07:59:29.070,2022,8,2,3,1,False,944
2022-08-03 07:59:29.070,2022,8,3,3,2,False,945
2022-08-04 07:59:29.070,2022,8,4,3,3,False,946
2022-08-05 07:59:29.070,2022,8,5,3,4,False,947
2022-08-06 07:59:29.070,2022,8,6,3,5,True,948
2022-08-07 07:59:29.070,2022,8,7,3,6,True,949
2022-08-08 07:59:29.070,2022,8,8,3,0,False,950
2022-08-09 07:59:29.070,2022,8,9,3,1,False,951
2022-08-10 07:59:29.070,2022,8,10,3,2,False,952
2022-08-11 07:59:29.070,2022,8,11,3,3,False,953
2022-08-12 07:59:29.070,2022,8,12,3,4,False,954
2022-08-13 07:59:29.070,2022,8,13,3,5,True,955
2022-08-14 07:59:29.070,2022,8,14,3,6,True,956
2022-08-15 07:59:29.070,2022,8,15,3,0,False,957
2022-08-16 07:59:29.070,2022,8,16,3,1,False,958
2022-08-17 07:59:29.070,2022,8,17,3,2,False,959
2022-08-18 07:59:29.070,2022,8,18,3,3,False,960
2022-08-19 07:59:29.070,2022,8,19,3,4,False,961
2022-08-20 07:59:29.070,2022,8,20,3,5,True,962
2022-08-21 07:59:29.070,2022,8,21,3,6,True,963
2022-08-22 07:59:29.070,2022,8,22,3,0,False,964
2022-08-23 07:59:29.070,2022,8,23,3,1,False,965
2022-08-24 07:59:29.070,2022,8,24,3,2,False,966
2022-08-25 07:59:29.070,2022,8,25,3,3,False,967
2022-08-26 07:59:29.070,2022,8,26,3,4,False,968
2022-08-27 07:59:29.070,2022,8,27,3,5,True,969
2022-08-28 07:59:29.070,2022,8,28,3,6,True,970
2022-08-29 07:59:29.070,2022,8,29,3,0,False,971
2022-08-30 07:59:29.070,2022,8,30,3,1,False,972
2022-08-31 07:59:29.070,2022,8,31,3,2,False,973
2022-09-01 07:59:29.070,2022,9,1,3,3,False,974
2022-09-02 07:59:29.070,2022,9,2,3,4,False,975
2022-09-03 07:59:29.070,2022,9,3,3,5,True,976
2022-09-04 07:59:29.070,2022,9,4,3,6,True,977
2022-09-05 07:59:29.070,2022,9,5,3,0,False,978
2022-09-06 07:59:29.070,2022,9,6,3,1,False,979
2022-09-07 07:59:29.070,2022,9,7,3,2,False,980
2022-09-08 07:59:29.070,2022,9,8,3,3,False,981
2022-09-09 07:59:29.070,2022,9,9,3,4,False,982
2022-09-10 07:59:29.070,2022,9,10,3,5,True,983
2022-09-11 07:59:29.070,2022,9,11,3,6,True,984
2022-09-12 07:59:29.070,2022,9,12,3,0,False,985
2022-09-13 07:59:29.070,2022,9,13,3,1,False,986
2022-09-14 07:59:29.070,2022,9,14,3,2,False,987
2022-09-15 07:59:29.070,2022,9,15,3,3,False,988
2022-09-16 07:59:29.070,2022,9,16,3,4,False,989
2022-09-17 07:59:29.070,2022,9,17,3,5,True,990
2022-09-18 07:59:29.070,2022,9,18,3,6,True,991
2022-09-19 07:59:29.070,2022,9,19,3,0,False,992
2022-09-20 07:59:29.070,2022,9,20,3,1,False,993
2022-09-21 07:59:29.070,2022,9,21,3,2,False,994
2022-09-22 07:59:29.070,2022,9,22,3,3,False,995
2022-09-23 07:59:29.070,2022,9,23,3,4,False,996
2022-09-24 07:59:29.070,2022,9,24,3,5,True,997
2022-09-25 07:59:29.070,2022,9,25,3,6,True,998
2022-09-26 07:59:29.070,2022,9,26,3,0,False,999
2022-09-27 07:59:29.070,2022,9,27,3,1,False,1000
2022-09-28 07:59:29.070,2022,9,28,3,2,False,1001
2022-09-29 07:59:29.070,2022,9,29,3,3,False,1002
2022-09-30 07:59:29.070,2022,9,30,3,4,False,1003
2022-10-01 07:59:29.070,2022,10,1,4,5,True,1004
2022-10-02 07:59:29.070,2022,10,2,4,6,True,1005
2022-10-03 07:59:29.070,2022,10,3,4,0,False,1006
2022-10-04 07:59:29.070,2022,10,4,4,1,False,1007
2022-10-05 07:59:29.070,2022,10,5,4,2,False,1008
2022-10-06 07:59:29.070,2022,10,6,4,3,False,1009
2022-10-07 07:59:29.070,2022,10,7,4,4,False,1010
2022-10-08 07:59:29.070,2022,10,8,4,5,True,1011
2022-10-09 07:59:29.070,2022,10,9,4,6,True,1012
2022-10-10 07:59:29.070,2022,10,10,4,0,False,1013
2022-10-11 07:59:29.070,2022,10,11,4,1,False,1014
2022-10-12 07:59:29.070,2022,10,12,4,2,False,1015
2022-10-13 07:59:29.070,2022,10,13,4,3,False,1016
2022-10-14 07:59:29.070,2022,10,14,4,4,False,1017
2022-10-15 07:59:29.070,2022,10,15,4,5,True,1018
2022-10-16 07:59:29.070,2022,10,16,4,6,True,1019
2022-10-17 07:59:29.070,2022,10,17,4,0,False,1020
2022-10-18 07:59:29.070,2022,10,18,4,1,False,1021
2022-10-19 07:59:29.070,2022,10,19,4,2,False,1022
2022-10-20 07:59:29.070,2022,10,20,4,3,False,1023
2022-10-21 07:59:29.070,2022,10,21,4,4,False,1024
2022-10-22 07:59:29.070,2022,10,22,4,5,True,1025
2022-10-23 07:59:29.070,2022,10,23,4,6,True,1026
2022-10-24 07:59:29.070,2022,10,24,4,0,False,1027
2022-10-25 07:59:29.070,2022,10,25,4,1,False,1028
2022-10-26 07:59:29.070,2022,10,26,4,2,False,1029
2022-10-27 07:59:29.070,2022,10,27,4,3,False,1030
2022-10-28 07:59:29.070,2022,10,28,4,4,False,1031
2022-10-29 07:59:29.070,2022,10,29,4,5,True,1032
2022-10-30 07:59:29.070,2022,10,30,4,6,True,1033
2022-10-31 07:59:29.070,2022,10,31,4,0,False,1034
2022-11-01 07:59:29.070,2022,11,1,4,1,False,1035
2022-11-02 07:59:29.070,2022,11,2,4,2,False,1036
2022-11-03 07:59:29.070,2022,11,3,4,3,False,1037
2022-11-04 07:59:29.070,2022,11,4,4,4,False,1038
2022-11-05 07:59:29.070,2022,11,5,4,5,True,1039
2022-11-06 07:59:29.070,2022,11,6,4,6,True,1040
2022-11-07 07:59:29.070,2022,11,7,4,0,False,1041
2022-11-08 07:59:29.070,2022,11,8,4,1,False,1042
2022-11-09 07:59:29.070,2022,11,9,4,2,False,1043
2022-11-10 07:59:29.070,2022,11,10,4,3,False,1044
2022-11-11 07:59:29.070,2022,11,11,4,4,False,1045
2022-11-12 07:59:29.070,2022,11,12,4,5,True,1046
2022-11-13 07:59:29.070,2022,11,13,4,6,True,1047
2022-11-14 07:59:29.070,2022,11,14,4,0,False,1048
2022-11-15 07:59:29.070,2022,11,15,4,1,False,1049
2022-11-16 07:59:29.070,2022,11,16,4,2,False,1050
2022-11-17 07:59:29.070,2022,11,17,4,3,False,1051
2022-11-18 07:59:29.070,2022,11,18,4,4,False,1052
2022-11-19 07:59:29.070,2022,11,19,4,5,True,1053
2022-11-20 07:59:29.070,2022,11,20,4,6,True,1054
2022-11-21 07:59:29.070,2022,11,21,4,0,False,1055
2022-11-22 07:59:29.070,2022,11,22,4,1,False,1056
2022-11-23 07:59:29.070,2022,11,23,4,2,False,1057
2022-11-24 07:59:29.070,2022,11,24,4,3,False,1058
2022-11-25 07:59:29.070,2022,11,25,4,4,False,1059
2022-11-26 07:59:29.070,2022,11,26,4,5,True,1060
2022-11-27 07:59:29.070,2022,11,27,4,6,True,1061
2022-11-28 07:59:29.070,2022,11,28,4,0,False,1062
2022-11-29 07:59:29.070,2022,11,29,4,1,False,1063
2022-11-30 07:59:29.070,2022,11,30,4,2,False,1064
2022-12-01 07:59:29.070,2022,12,1,4,3,False,1065
2022-12-02 07:59:29.070,2022,12,2,4,4,False,1066
2022-12-03 07:59:29.070,2022,12,3,4,5,True,1067
2022-12-04 07:59:29.070,2022,12,4,4,6,True,1068
2022-12-05 07:59:29.070,2022,12,5,4,0,False,1069
2022-12-06 07:59:29.070,2022,12,6,4,1,False,1070
2022-12-07 07:59:29.070,2022,12,7,4,2,False,1071
2022-12-08 07:59:29.070,2022,12,8,4,3,False,1072
2022-12-09 07:59:29.070,2022,12,9,4,4,False,1073
2022-12-10 07:59:29.070,2022,12,10,4,5,True,1074
2022-12-11 07:59:29.070,2022,12,11,4,6,True,1075
2022-12-12 07:59:29.070,2022,12,12,4,0,False,1076
2022-12-13 07:59:29.070,2022,12,13,4,1,False,1077
2022-12-14 07:59:29.070,2022,12,14,4,2,False,1078
2022-12-15 07:59:29.070,2022,12,15,4,3,False,1079
2022-12-16 07:59:29.070,2022,12,16,4,4,False,1080
2022-12-17 07:59:29.070,2022,12,17,4,5,True,1081
2022-12-18 07:59:29.070,2022,12,18,4,6,True,1082
2022-12-19 07:59:29.070,2022,12,19,4,0,False,1083
2022-12-20 07:59:29.070,2022,12,20,4,1,False,1084
2022-12-21 07:59:29.070,2022,12,21,4,2,False,1085
2022-12-22 07:59:29.070,2022,12,22,4,3,False,1086
2022-12-23 07:59:29.070,2022,12,23,4,4,False,1087
2022-12-24 07:59:29.070,2022,12,24,4,5,True,1088
2022-12-25 07:59:29.070,2022,12,25,4,6,True,1089
2022-12-26 07:59:29.070,2022,12,26,4,0,False,1090
2022-12-27 07:59:29.070,2022,12,27,4,1,False,1091
2022-12-28 07:59:29.070,2022,12,28,4,2,False,1092
2022-12-29 07:59:29.070,2022,12,29,4,3,False,1093
2022-12-30 07:59:29.070,2022,12,30,4,4,False,1094
2022-12-31 07:59:29.070,2022,12,31,4,5,True,1095
2023-01-01 07:59:29.070,2023,1,1,1,6,True,1096
2023-01-02 07:59:29.070,2023,1,2,1,0,False,1097
2023-01-03 07:59:29.070,2023,1,3,1,1,False,1098
2023-01-04 07:59:29.070,2023,1,4,1,2,False,1099
2023-01-05 07:59:29.070,2023,1,5,1,3,False,1100
2023-01-06 07:59:29.070,2023,1,6,1,4,False,1101
2023-01-07 07:59:29.070,2023,1,7,1,5,True,1102
2023-01-08 07:59:29.070,2023,1,8,1,6,True,1103
2023-01-09 07:59:29.070,2023,1,9,1,0,False,1104
2023-01-10 07:59:29.070,2023,1,10,1,1,False,1105
2023-01-11 07:59:29.070,2023,1,11,1,2,False,1106
2023-01-12 07:59:29.070,2023,1,12,1,3,False,1107
2023-01-13 07:59:29.070,2023,1,13,1,4,False,1108
2023-01-14 07:59:29.070,2023,1,14,1,5,True,1109
2023-01-15 07:59:29.070,2023,1,15,1,6,True,1110
2023-01-16 07:59:29.070,2023,1,16,1,0,False,1111
2023-01-17 07:59:29.070,2023,1,17,1,1,False,1112
2023-01-18 07:59:29.070,2023,1,18,1,2,False,1113
2023-01-19 07:59:29.070,2023,1,19,1,3,False,1114
2023-01-20 07:59:29.070,2023,1,20,1,4,False,1115
2023-01-21 07:59:29.070,2023,1,21,1,5,True,1116
2023-01-22 07:59:29.070,2023,1,22,1,6,True,1117
2023-01-23 07:59:29.070,2023,1,23,1,0,False,1118
2023-01-24 07:59:29.070,2023,1,24,1,1,False,1119
2023-01-25 07:59:29.070,2023,1,25,1,2,False,1120
2023-01-26 07:59:29.070,2023,1,26,1,3,False,1121
2023-01-27 07:59:29.070,2023,1,27,1,4,False,1122
2023-01-28 07:59:29.070,2023,1,28,1,5,True,1123
2023-01-29 07:59:29.070,2023,1,29,1,6,True,1124
2023-01-30 07:59:29.070,2023,1,30,1,0,False,1125
2023-01-31 07:59:29.070,2023,1,31,1,1,False,1126
2023-02-01 07:59:29.070,2023,2,1,1,2,False,1127
2023-02-02 07:59:29.070,2023,2,2,1,3,False,1128
2023-02-03 07:59:29.070,2023,2,3,1,4,False,1129
2023-02-04 07:59:29.070,2023,2,4,1,5,True,1130
2023-02-05 07:59:29.070,2023,2,5,1,6,True,1131
2023-02-06 07:59:29.070,2023,2,6,1,0,False,1132
2023-02-07 07:59:29.070,2023,2,7,1,1,False,1133
2023-02-08 07:59:29.070,2023,2,8,1,2,False,1134
2023-02-09 07:59:29.070,2023,2,9,1,3,False,1135
2023-02-10 07:59:29.070,2023,2,10,1,4,False,1136
2023-02-11 07:59:29.070,2023,2,11,1,5,True,1137
2023-02-12 07:59:29.070,2023,2,12,1,6,True,1138
2023-02-13 07:59:29.070,2023,2,13,1,0,False,1139
2023-02-14 07:59:29.070,2023,2,14,1,1,False,1140
2023-02-15 07:59:29.070,2023,2,15,1,2,False,1141
2023-02-16 07:59:29.070,2023,2,16,1,3,False,1142
2023-02-17 07:59:29.070,2023,2,17,1,4,False,1143
2023-02-18 07:59:29.070,2023,2,18,1,5,True,1144
2023-02-19 07:59:29.070,2023,2,19,1,6,True,1145
2023-02-20 07:59:29.070,2023,2,20,1,0,False,1146
2023-02-21 07:59:29.070,2023,2,21,1,1,False,1147
2023-02-22 07:59:29.070,2023,2,22,1,2,False,1148
2023-02-23 07:59:29.070,2023,2,23,1,3,False,1149
2023-02-24 07:59:29.070,2023,2,24,1,4,False,1150
2023-02-25 07:59:29.070,2023,2,25,1,5,True,1151
2023-02-26 07:59:29.070,2023,2,26,1,6,True,1152
2023-02-27 07:59:29.070,2023,2,27,1,0,False,1153
2023-02-28 07:59:29.070,2023,2,28,1,1,False,1154
2023-03-01 07:59:29.070,2023,3,1,1,2,False,1155
2023-03-02 07:59:29.070,2023,3,2,1,3,False,1156
2023-03-03 07:59:29.070,2023,3,3,1,4,False,1157
2023-03-04 07:59:29.070,2023,3,4,1,5,True,1158
2023-03-05 07:59:29.070,2023,3,5,1,6,True,1159
2023-03-06 07:59:29.070,2023,3,6,1,0,False,1160
2023-03-07 07:59:29.070,2023,3,7,1,1,False,1161
2023-03-08 07:59:29.070,2023,3,8,1,2,False,1162
2023-03-09 07:59:29.070,2023,3,9,1,3,False,1163
2023-03-10 07:59:29.070,2023,3,10,1,4,False,1164
2023-03-11 07:59:29.070,2023,3,11,1,5,True,1165
2023-03-12 07:59:29.070,2023,3,12,1,6,True,1166
2023-03-13 07:59:29.070,2023,3,13,1,0,False,1167
2023-03-14 07:59:29.070,2023,3,14,1,1,False,1168
2023-03-15 07:59:29.070,2023,3,15,1,2,False,1169
2023-03-16 07:59:29.070,2023,3,16,1,3,False,1170
2023-03-17 07:59:29.070,2023,3,17,1,4,False,1171
2023-03-18 07:59:29.070,2023,3,18,1,5,True,1172
2023-03-19 07:59:29.070,2023,3,19,1,6,True,1173
2023-03-20 07:59:29.070,2023,3,20,1,0,False,1174
2023-03-21 07:59:29.070,2023,3,21,1,1,False,1175
2023-03-22 07:59:29.070,2023,3,22,1,2,False,1176
2023-03-23 07:59:29.070,2023,3,23,1,3,False,1177
2023-03-24 07:59:29.070,2023,3,24,1,4,False,1178
2023-03-25 07:59:29.070,2023,3,25,1,5,True,1179
2023-03-26 07:59:29.070,2023,3,26,1,6,True,1180
2023-03-27 07:59:29.070,2023,3,27,1,0,False,1181
2023-03-28 07:59:29.070,2023,3,28,1,1,False,1182
2023-03-29 07:59:29.070,2023,3,29,1,2,False,1183
2023-03-30 07:59:29.070,2023,3,30,1,3,False,1184
2023-03-31 07:59:29.070,2023,3,31,1,4,False,1185
2023-04-01 07:59:29.070,2023,4,1,2,5,True,1186
2023-04-02 07:59:29.070,2023,4,2,2,6,True,1187
2023-04-03 07:59:29.070,2023,4,3,2,0,False,1188
2023-04-04 07:59:29.070,2023,4,4,2,1,False,1189
2023-04-05 07:59:29.070,2023,4,5,2,2,False,1190
2023-04-06 07:59:29.070,2023,4,6,2,3,False,1191
2023-04-07 07:59:29.070,2023,4,7,2,4,False,1192
2023-04-08 07:59:29.070,2023,4,8,2,5,True,1193
2023-04-09 07:59:29.070,2023,4,9,2,6,True,1194
2023-04-10 07:59:29.070,2023,4,10,2,0,False,1195
2023-04-11 07:59:29.070,2023,4,11,2,1,False,1196
2023-04-12 07:59:29.070,2023,4,12,2,2,False,1197
2023-04-13 07:59:29.070,2023,4,13,2,3,False,1198
2023-04-14 07:59:29.070,2023,4,14,2,4,False,1199
2023-04-15 07:59:29.070,2023,4,15,2,5,True,1200
2023-04-16 07:59:29.070,2023,4,16,2,6,True,1201
2023-04-17 07:59:29.070,2023,4,17,2,0,False,1202
2023-04-18 07:59:29.070,2023,4,18,2,1,False,1203
2023-04-19 07:59:29.070,2023,4,19,2,2,False,1204
2023-04-20 07:59:29.070,2023,4,20,2,3,False,1205
2023-04-21 07:59:29.070,2023,4,21,2,4,False,1206
2023-04-22 07:59:29.070,2023,4,22,2,5,True,1207
2023-04-23 07:59:29.070,2023,4,23,2,6,True,1208
2023-04-24 07:59:29.070,2023,4,24,2,0,False,1209
2023-04-25 07:59:29.070,2023,4,25,2,1,False,1210
2023-04-26 07:59:29.070,2023,4,26,2,2,False,1211
2023-04-27 07:59:29.070,2023,4,27,2,3,False,1212
2023-04-28 07:59:29.070,2023,4,28,2,4,False,1213
2023-04-29 07:59:29.070,2023,4,29,2,5,True,1214
2023-04-30 07:59:29.070,2023,4,30,2,6,True,1215
2023-05-01 07:59:29.070,2023,5,1,2,0,False,1216
2023-05-02 07:59:29.070,2023,5,2,2,1,False,1217
2023-05-03 07:59:29.070,2023,5,3,2,2,False,1218
2023-05-04 07:59:29.070,2023,5,4,2,3,False,1219
2023-05-05 07:59:29.070,2023,5,5,2,4,False,1220
2023-05-06 07:59:29.070,2023,5,6,2,5,True,1221
2023-05-07 07:59:29.070,2023,5,7,2,6,True,1222
2023-05-08 07:59:29.070,2023,5,8,2,0,False,1223
2023-05-09 07:59:29.070,2023,5,9,2,1,False,1224
2023-05-10 07:59:29.070,2023,5,10,2,2,False,1225
2023-05-11 07:59:29.070,2023,5,11,2,3,False,1226
2023-05-12 07:59:29.070,2023,5,12,2,4,False,1227
2023-05-13 07:59:29.070,2023,5,13,2,5,True,1228
2023-05-14 07:59:29.070,2023,5,14,2,6,True,1229
2023-05-15 07:59:29.070,2023,5,15,2,0,False,1230
2023-05-16 07:59:29.070,2023,5,16,2,1,False,1231
2023-05-17 07:59:29.070,2023,5,17,2,2,False,1232
2023-05-18 07:59:29.070,2023,5,18,2,3,False,1233
2023-05-19 07:59:29.070,2023,5,19,2,4,False,1234
2023-05-20 07:59:29.070,2023,5,20,2,5,True,1235
2023-05-21 07:59:29.070,2023,5,21,2,6,True,1236
2023-05-22 07:59:29.070,2023,5,22,2,0,False,1237
2023-05-23 07:59:29.070,2023,5,23,2,1,False,1238
2023-05-24 07:59:29.070,2023,5,24,2,2,False,1239
2023-05-25 07:59:29.070,2023,5,25,2,3,False,1240
2023-05-26 07:59:29.070,2023,5,26,2,4,False,1241
2023-05-27 07:59:29.070,2023,5,27,2,5,True,1242
2023-05-28 07:59:29.070,2023,5,28,2,6,True,1243
2023-05-29 07:59:29.070,2023,5,29,2,0,False,1244
2023-05-30 07:59:29.070,2023,5,30,2,1,False,1245
2023-05-31 07:59:29.070,2023,5,31,2,2,False,1246
2023-06-01 07:59:29.070,2023,6,1,2,3,False,1247
2023-06-02 07:59:29.070,2023,6,2,2,4,False,1248
2023-06-03 07:59:29.070,2023,6,3,2,5,True,1249
2023-06-04 07:59:29.070,2023,6,4,2,6,True,1250
2023-06-05 07:59:29.070,2023,6,5,2,0,False,1251
2023-06-06 07:59:29.070,2023,6,6,2,1,False,1252
2023-06-07 07:59:29.070,2023,6,7,2,2,False,1253
2023-06-08 07:59:29.070,2023,6,8,2,3,False,1254
2023-06-09 07:59:29.070,2023,6,9,2,4,False,1255
2023-06-10 07:59:29.070,2023,6,10,2,5,True,1256
2023-06-11 07:59:29.070,2023,6,11,2,6,True,1257
2023-06-12 07:59:29.070,2023,6,12,2,0,False,1258
2023-06-13 07:59:29.070,2023,6,13,2,1,False,1259
2023-06-14 07:59:29.070,2023,6,14,2,2,False,1260
2023-06-15 07:59:29.070,2023,6,15,2,3,False,1261
2023-06-16 07:59:29.070,2023,6,16,2,4,False,1262
2023-06-17 07:59:29.070,2023,6,17,2,5,True,1263
2023-06-18 07:59:29.070,2023,6,18,2,6,True,1264
2023-06-19 07:59:29.070,2023,6,19,2,0,False,1265
2023-06-20 07:59:29.070,2023,6,20,2,1,False,1266
2023-06-21 07:59:29.070,2023,6,21,2,2,False,1267
2023-06-22 07:59:29.070,2023,6,22,2,3,False,1268
2023-06-23 07:59:29.070,2023,6,23,2,4,False,1269
2023-06-24 07:59:29.070,2023,6,24,2,5,True,1270
2023-06-25 07:59:29.070,2023,6,25,2,6,True,1271
2023-06-26 07:59:29.070,2023,6,26,2,0,False,1272
2023-06-27 07:59:29.070,2023,6,27,2,1,False,1273
2023-06-28 07:59:29.070,2023,6,28,2,2,False,1274
2023-06-29 07:59:29.070,2023,6,29,2,3,False,1275
2023-06-30 07:59:29.070,2023,6,30,2,4,False,1276
2023-07-01 07:59:29.070,2023,7,1,3,5,True,1277
2023-07-02 07:59:29.070,2023,7,2,3,6,True,1278
2023-07-03 07:59:29.070,2023,7,3,3,0,False,1279
2023-07-04 07:59:29.070,2023,7,4,3,1,False,1280
2023-07-05 07:59:29.070,2023,7,5,3,2,False,1281
2023-07-06 07:59:29.070,2023,7,6,3,3,False,1282
2023-07-07 07:59:29.070,2023,7,7,3,4,False,1283
2023-07-08 07:59:29.070,2023,7,8,3,5,True,1284
2023-07-09 07:59:29.070,2023,7,9,3,6,True,1285
2023-07-10 07:59:29.070,2023,7,10,3,0,False,1286
2023-07-11 07:59:29.070,2023,7,11,3,1,False,1287
2023-07-12 07:59:29.070,2023,7,12,3,2,False,1288
2023-07-13 07:59:29.070,2023,7,13,3,3,False,1289
2023-07-14 07:59:29.070,2023,7,14,3,4,False,1290
2023-07-15 07:59:29.070,2023,7,15,3,5,True,1291
2023-07-16 07:59:29.070,2023,7,16,3,6,True,1292
2023-07-17 07:59:29.070,2023,7,17,3,0,False,1293
2023-07-18 07:59:29.070,2023,7,18,3,1,False,1294
2023-07-19 07:59:29.070,2023,7,19,3,2,False,1295
2023-07-20 07:59:29.070,2023,7,20,3,3,False,1296
2023-07-21 07:59:29.070,2023,7,21,3,4,False,1297
2023-07-22 07:59:29.070,2023,7,22,3,5,True,1298
2023-07-23 07:59:29.070,2023,7,23,3,6,True,1299
2023-07-24 07:59:29.070,2023,7,24,3,0,False,1300
2023-07-25 07:59:29.070,2023,7,25,3,1,False,1301
2023-07-26 07:59:29.070,2023,7,26,3,2,False,1302
2023-07-27 07:59:29.070,2023,7,27,3,3,False,1303
2023-07-28 07:59:29.070,2023,7,28,3,4,False,1304
2023-07-29 07:59:29.070,2023,7,29,3,5,True,1305
2023-07-30 07:59:29.070,2023,7,30,3,6,True,1306
2023-07-31 07:59:29.070,2023,7,31,3,0,False,1307
2023-08-01 07:59:29.070,2023,8,1,3,1,False,1308
2023-08-02 07:59:29.070,2023,8,2,3,2,False,1309
2023-08-03 07:59:29.070,2023,8,3,3,3,False,1310
2023-08-04 07:59:29.070,2023,8,4,3,4,False,1311
2023-08-05 07:59:29.070,2023,8,5,3,5,True,1312
2023-08-06 07:59:29.070,2023,8,6,3,6,True,1313
2023-08-07 07:59:29.070,2023,8,7,3,0,False,1314
2023-08-08 07:59:29.070,2023,8,8,3,1,False,1315
2023-08-09 07:59:29.070,2023,8,9,3,2,False,1316
2023-08-10 07:59:29.070,2023,8,10,3,3,False,1317
2023-08-11 07:59:29.070,2023,8,11,3,4,False,1318
2023-08-12 07:59:29.070,2023,8,12,3,5,True,1319
2023-08-13 07:59:29.070,2023,8,13,3,6,True,1320
2023-08-14 07:59:29.070,2023,8,14,3,0,False,1321
2023-08-15 07:59:29.070,2023,8,15,3,1,False,1322
2023-08-16 07:59:29.070,2023,8,16,3,2,False,1323
2023-08-17 07:59:29.070,2023,8,17,3,3,False,1324
2023-08-18 07:59:29.070,2023,8,18,3,4,False,1325
2023-08-19 07:59:29.070,2023,8,19,3,5,True,1326
2023-08-20 07:59:29.070,2023,8,20,3,6,True,1327
2023-08-21 07:59:29.070,2023,8,21,3,0,False,1328
2023-08-22 07:59:29.070,2023,8,22,3,1,False,1329
2023-08-23 07:59:29.070,2023,8,23,3,2,False,1330
